DATE,INDPRO
1920-01-01,98.02797914937564
1920-02-01,94.92977021444551
1920-03-01,95.7897918895255
1920-04-01,95.2367105529966
1920-05-01,93.90486132730052
1920-06-01,95.16739599824956
1920-07-01,95.73309706890635
1920-08-01,95.08697912280127
1920-09-01,93.36652252479492
1920-10-01,94.87520851721513
1920-11-01,96.05051028415312
1920-12-01,96.10174648848405
1921-01-01,99.07170198255555
1921-02-01,97.66657483306632
1921-03-01,95.57828707667922
1921-04-01,94.74042497185735
1921-05-01,94.8720459473241
1921-06-01,95.43705512130813
1921-07-01,95.27520103452365
1921-08-01,96.00328412929508
1921-09-01,94.32597499300942
1921-10-01,96.69162189911931
1921-11-01,96.76839513153045
1921-12-01,98.64433887891265
1922-01-01,99.35842689847921
1922-02-01,100.24355672720988
1922-03-01,101.29820764755819
1922-04-01,102.16977048758416
1922-05-01,103.33385462738548
1922-06-01,105.52758342258413
1922-07-01,106.02236517713632
1922-08-01,107.2858708135191
1922-09-01,107.35126727208825
1922-10-01,109.71144309526247
1922-11-01,108.89685464217357
1922-12-01,111.79826529153979
1923-01-01,111.93802836557327
1923-02-01,109.9918657123962
1923-03-01,110.38402233476238
1923-04-01,109.56244484855006
1923-05-01,111.02341017203315
1923-06-01,110.24447420307956
1923-07-01,109.7751990532574
1923-08-01,107.1408879568391
1923-09-01,106.66242847796548
1923-10-01,103.22660948802205
1923-11-01,101.05075525279346
1923-12-01,102.3913772370099
1924-01-01,103.77007747498615
1924-02-01,104.6082638176636
1924-03-01,103.35779960296978
1924-04-01,103.4862325687568
1924-05-01,103.68082876012096
1924-06-01,102.14328172633215
1924-07-01,104.59837917898287
1924-08-01,106.11442261484638
1924-09-01,105.98297635410188
1924-10-01,106.22330511259368
1924-11-01,106.73587932451501
1924-12-01,103.87327702187858
1925-01-01,103.70251094809768
1925-02-01,102.87953457610098
1925-03-01,101.57710456125861
1925-04-01,101.35545412192967
1925-05-01,104.25198391220395
1925-06-01,105.41324820410448
1925-07-01,104.75647971943027
1925-08-01,105.81535389146451
1925-09-01,108.11438704634352
1925-10-01,109.70133757071267
1925-11-01,109.99078312559293
1925-12-01,109.22037795903456
1926-01-01,110.46771292945496
1926-02-01,111.25794100758758
1926-03-01,112.80073083762917
1926-04-01,113.95348854015214
1926-05-01,115.72781761313114
1926-06-01,115.12496479579028
1926-07-01,117.30105589424177
1926-08-01,117.79745530128037
1926-09-01,121.11034661021827
1926-10-01,120.27656488308392
1926-11-01,123.0805105878318
1926-12-01,123.57737676302577
1927-01-01,122.80024975760409
1927-02-01,122.27442100652262
1927-03-01,121.99390004423114
1927-04-01,122.830148963834
1927-05-01,123.81440219588725
1927-06-01,123.15385218997939
1927-07-01,123.31732030158791
1927-08-01,126.73072583950571
1927-09-01,129.52204059465677
1927-10-01,130.37652609916782
1927-11-01,130.63353131642012
1927-12-01,131.01357830649752
1928-01-01,132.13385526559313
1928-02-01,130.79966641779552
1928-03-01,130.6136016116605
1928-04-01,128.31072550084411
1928-05-01,129.10956018475204
1928-06-01,130.28035409430615
1928-07-01,129.75557440085709
1928-08-01,132.31655454579214
1928-09-01,130.67790605128863
1928-10-01,128.6813437309739
1928-11-01,129.21802145881387
1928-12-01,130.9886689127321
1929-01-01,133.7145604499189
1929-02-01,133.2262340556155
1929-03-01,135.04425530576242
1929-04-01,135.18649260151136
1929-05-01,135.12755165160013
1929-06-01,136.65304155783014
1929-07-01,137.83152587545027
1929-08-01,135.6669376399739
1929-09-01,138.08174816456275
1929-10-01,140.35188519578392
1929-11-01,139.61354114351963
1929-12-01,140.40724644367575
1930-01-01,141.34829172309986
1930-02-01,141.9393023718357
1930-03-01,141.3138446410676
1930-04-01,140.5064095891605
1930-05-01,140.66807848267334
1930-06-01,142.62717201156238
1930-07-01,143.64257224345403
1930-08-01,143.28665074532486
1930-09-01,144.64419881129737
1930-10-01,140.57138488035227
1930-11-01,142.49453343091042
1930-12-01,140.08496276274326
1931-01-01,139.74130135063857
1931-02-01,138.26179650869935
1931-03-01,136.519774295118
1931-04-01,138.46101447618577
1931-05-01,137.95946267421795
1931-06-01,138.679218496814
1931-07-01,138.80883762849524
1931-08-01,139.72439886932992
1931-09-01,140.0396317059203
1931-10-01,138.31514336963744
1931-11-01,140.00954359880816
1931-12-01,139.46890872406618
1932-01-01,137.33403587607657
1932-02-01,136.8918631346277
1932-03-01,139.34300282057916
1932-04-01,140.81833543374938
1932-05-01,140.49535723213762
1932-06-01,140.17147067565998
1932-07-01,139.8890180988339
1932-08-01,143.20414007417514
1932-09-01,143.9770432525225
1932-10-01,144.82210572330908
1932-11-01,146.56753090435683
1932-12-01,147.1257146428966
1933-01-01,146.93715142416556
1933-02-01,146.84262665053808
1933-03-01,146.93522476141698
1933-04-01,147.07939140665223
1933-05-01,148.3708357221077
1933-06-01,148.64875455081864
1933-07-01,149.947714666642
1933-08-01,150.02663979647915
1933-09-01,150.3445925819533
1933-10-01,147.5472915551551
1933-11-01,149.12178306720884
1933-12-01,149.84151578105582
1934-01-01,151.5385309458453
1934-02-01,147.39414787855478
1934-03-01,150.72670993572586
1934-04-01,150.7173254934931
1934-05-01,152.57959971859938
1934-06-01,151.2197408279111
1934-07-01,152.33890168550494
1934-08-01,150.95877834074446
1934-09-01,150.22312489970074
1934-10-01,153.2941719305009
1934-11-01,153.2081483293559
1934-12-01,153.7342976391255
1935-01-01,155.2393992351586
1935-02-01,156.18292206711752
1935-03-01,156.60855042483288
1935-04-01,157.35599192853223
1935-05-01,161.16111530638963
1935-06-01,161.27468711083927
1935-07-01,161.7763356809117
1935-08-01,163.55231727492313
1935-09-01,165.4106061743601
1935-10-01,167.39115163270068
1935-11-01,168.54924696574446
1935-12-01,167.03473959664873
1936-01-01,169.68488689510036
1936-02-01,168.16536880557234
1936-03-01,168.8193220034309
1936-04-01,167.88790822840184
1936-05-01,167.99170070851238
1936-06-01,168.68484432396758
1936-07-01,169.366880147143
1936-08-01,170.19976127849594
1936-09-01,172.82032818208393
1936-10-01,173.70062963435487
1936-11-01,173.53439468141892
1936-12-01,175.18052543385147
1937-01-01,177.16473116723841
1937-02-01,175.52331944453294
1937-03-01,176.61941954930774
1937-04-01,177.87117866277407
1937-05-01,177.6248334077341
1937-06-01,179.88839362770153
1937-07-01,179.86331024715273
1937-08-01,180.25167492736006
1937-09-01,180.19206719093424
1937-10-01,180.41543576230646
1937-11-01,178.97102313196365
1937-12-01,177.01094680807222
1938-01-01,179.60270440290967
1938-02-01,178.53226238043217
1938-03-01,177.24517385624773
1938-04-01,174.21508868584215
1938-05-01,173.4566460643079
1938-06-01,171.67201137419664
1938-07-01,174.3350341144012
1938-08-01,176.04975974841514
1938-09-01,175.21753423064854
1938-10-01,178.796187938665
1938-11-01,180.4688361691524
1938-12-01,180.18158909388947
1939-01-01,176.6324805215791
1939-02-01,180.2688943804652
1939-03-01,178.38453568031983
1939-04-01,176.1164375598845
1939-05-01,177.85029320789894
1939-06-01,181.70992181740786
1939-07-01,183.98633104517364
1939-08-01,185.03219472525217
1939-09-01,186.1243262377501
1939-10-01,187.60444957592057
1939-11-01,188.9428424606007
1939-12-01,189.56462959655477
1940-01-01,189.92093125248257
1940-02-01,190.02704156063328
1940-03-01,189.09609467733327
1940-04-01,188.87508206203313
1940-05-01,186.53564684074004
1940-06-01,186.5881374005479
1940-07-01,185.30525073982153
1940-08-01,183.8498667639979
1940-09-01,184.31970799072812
1940-10-01,186.60771142024504
1940-11-01,188.1851863292485
1940-12-01,186.0294354238137
1941-01-01,184.7449932189582
1941-02-01,186.35615000094054
1941-03-01,185.08241891063307
1941-04-01,184.94546918563753
1941-05-01,185.97054733417437
1941-06-01,184.7180306518789
1941-07-01,185.07609391109787
1941-08-01,183.27505566872054
1941-09-01,182.57300420279375
1941-10-01,183.25267710400755
1941-11-01,181.06318650371003
1941-12-01,181.92389861065064
1942-01-01,182.0944419122606
1942-02-01,183.12317684388634
1942-03-01,183.65904804498334
1942-04-01,185.9052586899441
1942-05-01,186.29309544391594
1942-06-01,185.84898713222807
1942-07-01,186.2324333867765
1942-08-01,187.24738043033108
1942-09-01,187.52067053581965
1942-10-01,187.78155807262547
1942-11-01,186.92857054091536
1942-12-01,186.13421916458893
1943-01-01,184.2303112568894
1943-02-01,187.0546763716698
1943-03-01,185.38888151858288
1943-04-01,184.54952372188902
1943-05-01,183.67191282353522
1943-06-01,185.21429938895187
1943-07-01,184.97187487151385
1943-08-01,187.04348798052445
1943-09-01,186.23325204415863
1943-10-01,186.85174328749434
1943-11-01,185.79872270760472
1943-12-01,189.21644639926478
1944-01-01,187.63504877072052
1944-02-01,188.29977983606108
1944-03-01,189.45044515745923
1944-04-01,190.27114380363648
1944-05-01,190.1932123153199
1944-06-01,190.19848126571978
1944-07-01,190.46419847368844
1944-08-01,190.4436954712457
1944-09-01,192.08951414643806
1944-10-01,195.60529864882508
1944-11-01,194.96906097131335
1944-12-01,193.1143565019447
1945-01-01,193.18193342941782
1945-02-01,197.25149743589932
1945-03-01,196.24598558394473
1945-04-01,198.90466079211083
1945-05-01,201.6212120132255
1945-06-01,200.9908296506635
1945-07-01,202.0443042694414
1945-08-01,204.68689920413422
1945-09-01,204.31820759265298
1945-10-01,204.21283705249945
1945-11-01,203.5403156815765
1945-12-01,202.2181805855372
1946-01-01,201.44426426793817
1946-02-01,199.80835386779478
1946-03-01,200.0594790701836
1946-04-01,199.10451922359564
1946-05-01,199.65519809128176
1946-06-01,197.52135462197631
1946-07-01,198.217674970298
1946-08-01,199.6679684127114
1946-09-01,196.87736494885422
1946-10-01,197.63844980362558
1946-11-01,199.67995329233548
1946-12-01,198.06549176429868
1947-01-01,200.77435034455524
1947-02-01,201.6028788586043
1947-03-01,200.7453610749667
1947-04-01,200.86170745848014
1947-05-01,201.89919782726273
1947-06-01,202.21320591438135
1947-07-01,203.2213399030509
1947-08-01,202.04032951343186
1947-09-01,202.494370749486
1947-10-01,200.57379900412852
1947-11-01,200.60695991210548
1947-12-01,199.45109844990827
1948-01-01,198.54780353602365
1948-02-01,200.60194329883927
1948-03-01,202.43890847973069
1948-04-01,203.55261566109147
1948-05-01,202.11414651408256
1948-06-01,201.83953383954037
1948-07-01,203.85918038950916
1948-08-01,204.271755759969
1948-09-01,207.95075006994153
1948-10-01,208.74072682903312
1948-11-01,209.22880050376816
1948-12-01,208.9651258074644
1949-01-01,209.36543716463783
1949-02-01,209.33673241006701
1949-03-01,210.5988954250999
1949-04-01,212.23394890029178
1949-05-01,211.25496470952987
1949-06-01,209.45811527919318
1949-07-01,206.90380721953824
1949-08-01,207.86579420990705
1949-09-01,206.41074430064626
1949-10-01,203.38140841121754
1949-11-01,204.16427631801398
1949-12-01,208.10377559416315
1950-01-01,208.29466922685333
1950-02-01,209.7524053885308
1950-03-01,210.07514942635214
1950-04-01,210.12681494656545
1950-05-01,211.70542967104709
1950-06-01,211.4700178547641
1950-07-01,212.07110632587197
1950-08-01,212.753653035166
1950-09-01,211.95151735470142
1950-10-01,213.6395808790062
1950-11-01,213.57714124396307
1950-12-01,212.64352350472382
1951-01-01,213.6482882700794
1951-02-01,212.50058629739283
1951-03-01,212.74285803344654
1951-04-01,212.92917953848024
1951-05-01,214.75802288722758
1951-06-01,215.67007023654753
1951-07-01,215.83252979842982
1951-08-01,217.25917924723024
1951-09-01,219.54449057075624
1951-10-01,220.58120603028402
1951-11-01,220.7967349600491
1951-12-01,219.02898061152385
1952-01-01,217.6313101169108
1952-02-01,217.37347306037879
1952-03-01,216.6592047571399
1952-04-01,216.57874780266172
1952-05-01,216.86372269000736
1952-06-01,217.85826182154244
1952-07-01,217.9525136544538
1952-08-01,218.88226612019312
1952-09-01,219.1789777424083
1952-10-01,216.4157778928775
1952-11-01,215.20677480214937
1952-12-01,215.19064346856695
1953-01-01,213.57610135430528
1953-02-01,214.6759944492996
1953-03-01,217.17212069781513
1953-04-01,219.2002634753611
1953-05-01,219.0800991689658
1953-06-01,221.51618837424073
1953-07-01,221.9391895600439
1953-08-01,221.63356060336685
1953-09-01,220.91345660805544
1953-10-01,220.65975207832327
1953-11-01,220.27748685051142
1953-12-01,220.73311118407463
1954-01-01,221.17397215564944
1954-02-01,221.37854118587956
1954-03-01,222.2339484404991
1954-04-01,224.21991785267858
1954-05-01,225.84424905584058
1954-06-01,223.81690210316572
1954-07-01,220.18602040081277
1954-08-01,221.7875002676717
1954-09-01,219.93718222004856
1954-10-01,219.80003411720952
1954-11-01,218.24486457812048
1954-12-01,215.7418939217505
1955-01-01,216.75408801405766
1955-02-01,218.09282075451162
1955-03-01,217.42805515342155
1955-04-01,213.74149171520418
1955-05-01,213.12212504282547
1955-06-01,213.90983105092928
1955-07-01,211.89146369776807
1955-08-01,212.36650357743682
1955-09-01,212.54353880367734
1955-10-01,213.61247605307895
1955-11-01,213.99184660570018
1955-12-01,212.73224319437784
1956-01-01,214.7271004468746
1956-02-01,214.68930608733413
1956-03-01,214.84834927806924
1956-04-01,213.64844733945944
1956-05-01,213.18352396267215
1956-06-01,212.0563198916318
1956-07-01,211.99690080174668
1956-08-01,214.76446352196018
1956-09-01,212.90661180756317
1956-10-01,210.68626971074804
1956-11-01,213.09302520198847
1956-12-01,212.97903968626065
1957-01-01,212.17543057827078
1957-02-01,213.9352876093649
1957-03-01,213.2268642997596
1957-04-01,216.16587887008
1957-05-01,217.3827676770889
1957-06-01,216.85090056487036
1957-07-01,220.28686288476862
1957-08-01,219.57829050026362
1957-09-01,220.89143355827758
1957-10-01,221.54037242888734
1957-11-01,223.69298436298553
1957-12-01,226.2352511580758
1958-01-01,226.48325738167446
1958-02-01,225.55313057615518
1958-03-01,226.44308879056388
1958-04-01,225.6265157359357
1958-05-01,228.84659660722562
1958-06-01,229.25139960384973
1958-07-01,228.90341727688158
1958-08-01,229.38043773567895
1958-09-01,227.5597483013844
1958-10-01,226.30232724361844
1958-11-01,228.30294810553505
1958-12-01,227.51760668707794
1959-01-01,226.14724021305506
1959-02-01,227.15221934184598
1959-03-01,229.13077557384048
1959-04-01,230.40920553983807
1959-05-01,232.1032770685468
1959-06-01,231.1680844356926
1959-07-01,229.23536843557983
1959-08-01,231.68736891351307
1959-09-01,231.40334915524986
1959-10-01,231.2270996305673
1959-11-01,233.4193908433409
1959-12-01,234.45373585744187
1960-01-01,235.33756751556427
1960-02-01,238.7850710329159
1960-03-01,238.0197936873457
1960-04-01,239.61155387946755
1960-05-01,239.8970735668132
1960-06-01,240.4999619851081
1960-07-01,242.99266462472687
1960-08-01,243.95441825916132
1960-09-01,244.96186237773577
1960-10-01,246.77062338370047
1960-11-01,246.42319428938615
1960-12-01,245.36437978837765
1961-01-01,243.9971659973461
1961-02-01,241.2476311132821
1961-03-01,244.53194180819258
1961-04-01,243.07712925961005
1961-05-01,242.94524882423138
1961-06-01,242.73002887439802
1961-07-01,243.39113892111166
1961-08-01,244.8147447399206
1961-09-01,246.3054549724602
1961-10-01,245.6308388146068
1961-11-01,245.58015624392718
1961-12-01,246.2040261696596
1962-01-01,246.0309894803843
1962-02-01,248.6420078444143
1962-03-01,249.57847027187168
1962-04-01,250.8807869509464
1962-05-01,252.0751088539475
1962-06-01,254.0353196401755
1962-07-01,254.50685197823105
1962-08-01,252.76160405629727
1962-09-01,253.56113598392625
1962-10-01,252.7841006432385
1962-11-01,252.19117562061388
1962-12-01,253.27072164874653
1963-01-01,255.328146255897
1963-02-01,255.5600536210011
1963-03-01,256.22330313989954
1963-04-01,258.9766255568524
1963-05-01,259.5377553260853
1963-06-01,263.64027999735583
1963-07-01,264.68854446580315
1963-08-01,262.24740032706944
1963-09-01,263.57741275872627
1963-10-01,264.3491503360504
1963-11-01,266.4837794671745
1963-12-01,267.69355149407943
1964-01-01,267.6858675181038
1964-02-01,266.04942016366977
1964-03-01,265.93588527774074
1964-04-01,264.8601045964268
1964-05-01,264.1893194217197
1964-06-01,265.27218702835063
1964-07-01,267.97704378487776
1964-08-01,268.7690510796122
1964-09-01,267.17522648655944
1964-10-01,268.04213048888965
1964-11-01,270.03707771885814
1964-12-01,269.3224033623791
1965-01-01,269.3213776123697
1965-02-01,269.5434099044635
1965-03-01,268.5660624348401
1965-04-01,269.73848308560594
1965-05-01,269.75706086269423
1965-06-01,270.5863595285548
1965-07-01,269.4551212618516
1965-08-01,268.9989338113665
1965-09-01,270.28250584810814
1965-10-01,269.92325611997046
1965-11-01,272.71370189682057
1965-12-01,272.31424761839867
1966-01-01,272.8512747070265
1966-02-01,274.4501609548362
1966-03-01,272.52261235543665
1966-04-01,270.0813991374655
1966-05-01,267.99291466561033
1966-06-01,270.0867908207511
1966-07-01,269.4590036019124
1966-08-01,273.4963025304148
1966-09-01,272.8499311324287
1966-10-01,273.3267580872243
1966-11-01,275.8399230160761
1966-12-01,279.0490623483148
1967-01-01,282.3413177132694
1967-02-01,284.3538670591591
1967-03-01,286.0899608478763
1967-04-01,287.17875127167804
1967-05-01,288.546292885928
1967-06-01,287.91951431143525
1967-07-01,286.8922159863017
1967-08-01,287.0871543001853
1967-09-01,287.0318773663979
1967-10-01,286.552035292407
1967-11-01,287.7966164635921
1967-12-01,289.42957427644785
1968-01-01,289.76218460588564
1968-02-01,292.1784797274686
1968-03-01,290.6659460562683
1968-04-01,290.57545686734875
1968-05-01,289.7002233864445
1968-06-01,287.10041846083493
1968-07-01,287.17639743207087
1968-08-01,287.19377616949595
1968-09-01,289.66395078435914
1968-10-01,290.8101683111913
1968-11-01,289.47388807469747
1968-12-01,292.4550269241988
1969-01-01,294.4865774674868
1969-02-01,295.55972402268975
1969-03-01,295.419997874415
1969-04-01,294.1808390193298
1969-05-01,293.82252885522325
1969-06-01,295.6556517847795
1969-07-01,298.6825312436814
1969-08-01,301.1973965360897
1969-09-01,300.66412240341026
1969-10-01,299.1846962534768
1969-11-01,299.59602562384356
1969-12-01,297.1433665754993
1970-01-01,297.82811814677643
1970-02-01,297.8067142673284
1970-03-01,297.3076595145261
1970-04-01,295.1156049136259
1970-05-01,296.08600507348046
1970-06-01,295.4869538139876
1970-07-01,293.93207856042216
1970-08-01,289.8236852404997
1970-09-01,289.98241288292377
1970-10-01,292.84079027792836
1970-11-01,295.53267909975017
1970-12-01,295.04703471487073
1971-01-01,294.34371662432807
1971-02-01,295.2468780084406
1971-03-01,293.9492998496582
1971-04-01,294.6019876993874
1971-05-01,295.9511081169644
1971-06-01,297.9915079527909
1971-07-01,298.041276838071
1971-08-01,297.9357662128055
1971-09-01,296.8187923326707
1971-10-01,295.77847180161086
1971-11-01,295.6387534637586
1971-12-01,296.3898017239828
1972-01-01,297.9601786633327
1972-02-01,296.9554102373122
1972-03-01,299.39444309075145
1972-04-01,299.1877576891876
1972-05-01,299.35570674766495
1972-06-01,298.43488922894323
1972-07-01,294.99852883853384
1972-08-01,296.5245969330754
1972-09-01,297.8298627787141
1972-10-01,297.60787144303674
1972-11-01,297.908357518874
1972-12-01,298.88226634543014
1973-01-01,296.7384475601003
1973-02-01,296.1448685440809
1973-03-01,297.53626556351367
1973-04-01,295.8548314287598
1973-05-01,296.4951683270097
1973-06-01,294.66029562007463
1973-07-01,295.5599405937249
1973-08-01,295.70647837027866
1973-09-01,293.4837806464204
1973-10-01,295.43088967810615
1973-11-01,294.5290023129091
1973-12-01,293.5136236573875
1974-01-01,294.0144774532339
1974-02-01,295.937433477377
1974-03-01,294.6137007489094
1974-04-01,294.9062205236813
1974-05-01,295.7494452741772
1974-06-01,296.98910368507194
1974-07-01,297.4537660179878
1974-08-01,297.10322425936283
1974-09-01,296.06183892838976
1974-10-01,296.3910547529593
1974-11-01,294.9828462349809
1974-12-01,290.80082050973897
1975-01-01,291.65566021597544
1975-02-01,293.21156247760473
1975-03-01,289.867163824292
1975-04-01,288.55256776722706
1975-05-01,289.6812991587349
1975-06-01,292.9675423633024
1975-07-01,293.19873292481554
1975-08-01,292.3067285129718
1975-09-01,292.2323838513146
1975-10-01,294.49469848003685
1975-11-01,293.72575221135
1975-12-01,292.72696420137464
1976-01-01,292.2028489181016
1976-02-01,290.97285600571354
1976-03-01,291.3568614797057
1976-04-01,293.99387916741006
1976-05-01,294.6784980770841
1976-06-01,294.4999678238947
1976-07-01,294.26225092052135
1976-08-01,292.11746470747636
1976-09-01,293.6421293731971
1976-10-01,293.7253735776779
1976-11-01,293.6546537072919
1976-12-01,298.64431505905924
1977-01-01,299.2924444216078
1977-02-01,298.36475784646495
1977-03-01,297.9252214521567
1977-04-01,299.8478900159518
1977-05-01,300.21779563175846
1977-06-01,298.26037866428237
1977-07-01,299.8392220661452
1977-08-01,299.03700593783674
1977-09-01,302.04695260216306
1977-10-01,303.867024700735
1977-11-01,303.3960418572469
1977-12-01,305.51756639984956
1978-01-01,305.81934966564063
1978-02-01,307.298510178324
1978-03-01,308.2256094042657
1978-04-01,307.1560744217794
1978-05-01,306.39074967330316
1978-06-01,308.13569089967496
1978-07-01,307.83352790151514
1978-08-01,307.4280552066521
1978-09-01,306.1953713376281
1978-10-01,307.03076993601826
1978-11-01,310.324557314883
1978-12-01,308.92325794350154
1979-01-01,309.1595871285107
1979-02-01,311.47791796163386
1979-03-01,311.5584558747653
1979-04-01,312.4370135691399
1979-05-01,311.04342327691955
1979-06-01,311.88588392273107
1979-07-01,311.8051675252242
1979-08-01,313.483762518744
1979-09-01,315.4648415960911
1979-10-01,319.54918705911905
1979-11-01,320.6186368189394
1979-12-01,321.3073312938127
1980-01-01,321.79890774617866
1980-02-01,321.46915830696264
1980-03-01,322.1768840721552
1980-04-01,321.93378195694663
1980-05-01,322.386473421351
1980-06-01,324.56286972476295
1980-07-01,323.2530558768435
1980-08-01,325.16287371853707
1980-09-01,327.3385463195469
1980-10-01,327.36144352906024
1980-11-01,324.3786611805474
1980-12-01,323.6669281999057
1981-01-01,325.8124200197474
1981-02-01,325.9781179262991
1981-03-01,324.6791645778567
1981-04-01,324.12200219601436
1981-05-01,325.5829322357712
1981-06-01,326.6030325880733
1981-07-01,326.44463443931875
1981-08-01,326.0943978215967
1981-09-01,325.706760598031
1981-10-01,324.5231453212832
1981-11-01,327.14620885548743
1981-12-01,326.86272815167035
1982-01-01,328.8884659329086
1982-02-01,331.3704400107923
1982-03-01,333.0679063580142
1982-04-01,332.62047588893716
1982-05-01,333.4260710244421
1982-06-01,333.58977761485573
1982-07-01,332.4342248237605
1982-08-01,333.1207637463429
1982-09-01,331.5522040596032
1982-10-01,333.53372314229557
1982-11-01,333.03679719634795
1982-12-01,333.5385366801572
1983-01-01,334.1634684874764
1983-02-01,333.9751110269203
1983-03-01,335.0551517291332
1983-04-01,334.5427962441994
1983-05-01,336.04974219038525
1983-06-01,334.23077267001514
1983-07-01,334.6203420393348
1983-08-01,337.72873553792215
1983-09-01,336.4282385510138
1983-10-01,335.6116210952265
1983-11-01,336.5824828697149
1983-12-01,337.0518555426243
1984-01-01,337.77780069153465
1984-02-01,338.71158138675617
1984-03-01,339.8636635895988
1984-04-01,341.7282133525331
1984-05-01,342.54294133792587
1984-06-01,342.38105485599806
1984-07-01,343.5899154078022
1984-08-01,346.639738310145
1984-09-01,346.64078769057113
1984-10-01,345.37899373356515
1984-11-01,347.23961473749563
1984-12-01,347.25904299156525
1985-01-01,344.20003867254417
1985-02-01,345.6711711882698
1985-03-01,345.06817890933894
1985-04-01,345.13237898588267
1985-05-01,345.8303494817362
1985-06-01,346.3160990014048
1985-07-01,347.5802767271133
1985-08-01,347.1270471712586
1985-09-01,348.0967058685227
1985-10-01,347.90738585214683
1985-11-01,349.21560157347807
1985-12-01,350.33865279949765
1986-01-01,349.13549474643077
1986-02-01,350.9644679206933
1986-03-01,350.3605227530222
1986-04-01,351.77260945044395
1986-05-01,352.523540420546
1986-06-01,355.4808159357387
1986-07-01,355.3456169621809
1986-08-01,355.02164176800363
1986-09-01,355.19251235917204
1986-10-01,354.93774268492064
1986-11-01,356.33765553783365
1986-12-01,354.11318962517873
1987-01-01,352.7326659964592
1987-02-01,351.3309616140904
1987-03-01,352.95642300205077
1987-04-01,355.72234306092366
1987-05-01,355.7656692331175
1987-06-01,355.71243664833247
1987-07-01,356.0175148930022
1987-08-01,357.9603323469145
1987-09-01,356.76930264562867
1987-10-01,357.32685611973085
1987-11-01,358.9896525644045
1987-12-01,359.94129381931424
1988-01-01,360.4256662442124
1988-02-01,362.12723538306307
1988-03-01,358.2723869435642
1988-04-01,359.48919992286056
1988-05-01,358.7080863981694
1988-06-01,356.16213705288476
1988-07-01,357.12894095217223
1988-08-01,359.38942876991666
1988-09-01,359.38325599797514
1988-10-01,361.01256781877953
1988-11-01,363.6309852057625
1988-12-01,365.80335688613854
1989-01-01,368.4633036801956
1989-02-01,369.7764949168035
1989-03-01,370.08964537515584
1989-04-01,367.8866966573101
1989-05-01,367.71760292511516
1989-06-01,366.6527330321409
1989-07-01,370.1091471083876
1989-08-01,370.0453183897391
1989-09-01,370.43012559991587
1989-10-01,371.45735366397656
1989-11-01,371.72275733353524
1989-12-01,374.46533389418136
1990-01-01,373.73135985157967
1990-02-01,374.2232710344355
1990-03-01,373.30956515588844
1990-04-01,371.52953138905735
1990-05-01,370.81187775269944
1990-06-01,370.95632255712684
1990-07-01,370.51236922035093
1990-08-01,369.67373775054017
1990-09-01,367.7642615550324
1990-10-01,367.8396031960894
1990-11-01,365.7825226350429
1990-12-01,367.12260658057727
1991-01-01,367.446266209979
1991-02-01,365.4599389607816
1991-03-01,365.1961253452068
1991-04-01,364.2678907368209
1991-05-01,364.9466525024497
1991-06-01,367.15732817148444
1991-07-01,364.54456946701583
1991-08-01,364.91710858573697
1991-09-01,364.876909392387
1991-10-01,366.0839195070627
1991-11-01,366.6037144494193
1991-12-01,365.675760451811
1992-01-01,365.3971795483111
1992-02-01,364.40314076310585
1992-03-01,366.2171514710038
1992-04-01,366.4491189440117
1992-05-01,369.5009049726412
1992-06-01,369.60991375191924
1992-07-01,368.74730360155354
1992-08-01,366.6767320126343
1992-09-01,364.1720224982504
1992-10-01,361.99581858374216
1992-11-01,362.5965085602594
1992-12-01,363.55959609510427
1993-01-01,361.38781004205606
1993-02-01,362.9303675131702
1993-03-01,362.40577593564507
1993-04-01,362.8259654536234
1993-05-01,365.4442963960065
1993-06-01,366.9895553698048
1993-07-01,366.78675939794607
1993-08-01,365.64997105982314
1993-09-01,362.6222479578292
1993-10-01,361.74351797896554
1993-11-01,361.626822620724
1993-12-01,360.34605332999723
1994-01-01,360.3491678793588
1994-02-01,360.66444570379696
1994-03-01,360.52716173108485
1994-04-01,359.75215785984966
1994-05-01,360.20513986779974
1994-06-01,361.06805084215387
1994-07-01,359.6324522259896
1994-08-01,361.948850795609
1994-09-01,362.00096859718263
1994-10-01,362.2292430315999
1994-11-01,363.4915646664847
1994-12-01,364.04138886337995
1995-01-01,365.67109381424984
1995-02-01,366.30178006205256
1995-03-01,365.5831240000919
1995-04-01,366.32537928790106
1995-05-01,364.80978997692006
1995-06-01,365.17262953558486
1995-07-01,365.3227845496182
1995-08-01,365.2106092637094
1995-09-01,365.217802996551
1995-10-01,362.59502942830454
1995-11-01,361.9719420666931
1995-12-01,362.31120941840476
1996-01-01,362.75099400640084
1996-02-01,361.4094812950119
1996-03-01,363.50804305630896
1996-04-01,362.4087807839872
1996-05-01,364.0629665847773
1996-06-01,364.90375812758487
1996-07-01,364.13441716281915
1996-08-01,366.9973835017334
1996-09-01,365.40692825409866
1996-10-01,366.98565951451366
1996-11-01,368.68653299157813
1996-12-01,367.88060267796317
1997-01-01,370.16930062805966
1997-02-01,369.9942308561612
1997-03-01,370.627271300081
1997-04-01,371.21775405823786
1997-05-01,371.216290946032
1997-06-01,372.6325033557717
1997-07-01,374.0227364366
1997-08-01,371.5999384767427
1997-09-01,373.7564488410599
1997-10-01,371.4627108590064
1997-11-01,373.21153016551887
1997-12-01,375.1015878707602
1998-01-01,373.66513822543743
1998-02-01,373.24891679350554
1998-03-01,371.7903597907766
1998-04-01,371.66797824534353
1998-05-01,371.4059268190649
1998-06-01,372.7754176174689
1998-07-01,374.94088073664835
1998-08-01,377.2344064528333
1998-09-01,376.59115441296586
1998-10-01,376.4773216023491
1998-11-01,374.1521643140177
1998-12-01,373.1433592142734
1999-01-01,374.7906366639196
1999-02-01,377.41401089924193
1999-03-01,375.76248759142203
1999-04-01,375.0737912026927
1999-05-01,375.2341825672543
1999-06-01,375.85442430548375
1999-07-01,374.8400190256013
1999-08-01,375.67611059229745
1999-09-01,375.1653515716911
1999-10-01,375.3436731653737
1999-11-01,376.36309953737924
1999-12-01,376.5727329420956
2000-01-01,376.1181541063058
2000-02-01,376.153739400417
2000-03-01,376.221194961609
2000-04-01,375.86617841678583
2000-05-01,375.67798432278516
2000-06-01,378.27595507854227
2000-07-01,379.3173342504541
2000-08-01,379.0741137734104
2000-09-01,380.31954538017646
2000-10-01,380.0188161455425
2000-11-01,381.97850310192246
2000-12-01,382.7329663902196
2001-01-01,382.77201317421327
2001-02-01,383.6435885629287
2001-03-01,381.48727433482594
2001-04-01,379.99712313146125
2001-05-01,378.40623562186266
2001-06-01,378.82065026400824
2001-07-01,381.6194227632359
2001-08-01,385.1663729825248
2001-09-01,386.32344963468597
2001-10-01,387.27471634710264
2001-11-01,384.7731297458735
2001-12-01,384.1591190462725
2002-01-01,383.1774434184102
2002-02-01,382.4461720210335
2002-03-01,382.3939562931563
2002-04-01,381.8858204266106
2002-05-01,379.11687071104694
2002-06-01,380.43873609522325
2002-07-01,379.02962155661356
2002-08-01,379.5884918527803
2002-09-01,382.89961585740525
2002-10-01,381.72053897002564
2002-11-01,378.12510768590613
2002-12-01,377.89610135308595
2003-01-01,379.7475408055838
2003-02-01,382.8850619869147
2003-03-01,381.24073759523606
2003-04-01,382.18578643009084
2003-05-01,381.68782074492077
2003-06-01,381.72889821346456
2003-07-01,385.8954132339901
2003-08-01,383.84095774139735
2003-09-01,384.4215672336392
2003-10-01,385.3231069912874
2003-11-01,387.1517864786964
2003-12-01,387.49876120890275
2004-01-01,388.16083701815893
2004-02-01,387.7733641670262
2004-03-01,388.3770545788939
2004-04-01,388.06226616564777
2004-05-01,389.1946240004319
2004-06-01,388.8402084963664
2004-07-01,389.6058590872197
2004-08-01,389.7619648666922
2004-09-01,391.65104024285046
2004-10-01,391.7739496574677
2004-11-01,389.3144009551574
2004-12-01,391.4072832062284
2005-01-01,390.24868475493446
2005-02-01,389.4680352469612
2005-03-01,388.774543305896
2005-04-01,391.0362004456522
2005-05-01,388.03268912468417
2005-06-01,392.93931192517414
2005-07-01,394.72339713877324
2005-08-01,395.258255509967
2005-09-01,395.37591450904256
2005-10-01,396.00424562132906
2005-11-01,396.9859292638981
2005-12-01,398.1537526428232
2006-01-01,399.18715934182836
2006-02-01,399.52153036371124
2006-03-01,399.42552273325026
2006-04-01,399.39861280777
2006-05-01,399.306250387241
2006-06-01,401.2069055325416
2006-07-01,402.2972406159629
2006-08-01,398.0866576639665
2006-09-01,399.27050882876114
2006-10-01,399.7626131208393
2006-11-01,399.93454998617045
2006-12-01,399.55177230653715
2007-01-01,401.4379413865162
2007-02-01,403.05923107970045
2007-03-01,402.099914577965
2007-04-01,402.9104930086518
2007-05-01,401.6530079068399
2007-06-01,399.7835806596565
2007-07-01,399.0435048227715
2007-08-01,400.53709503134564
2007-09-01,402.16678259940977
2007-10-01,403.13641072955573
2007-11-01,404.4240544098277
2007-12-01,405.39832184050016
2008-01-01,404.63609944766574
2008-02-01,405.4839832646767
2008-03-01,406.8845975525182
2008-04-01,408.21603454723856
2008-05-01,410.19940460445054
2008-06-01,411.4618603752521
2008-07-01,412.1890326865645
2008-08-01,413.9942580440391
2008-09-01,414.1544761551655
2008-10-01,413.0316641783239
2008-11-01,412.9870637324083
2008-12-01,412.0697097651986
2009-01-01,411.256942352737
2009-02-01,411.24016434666373
2009-03-01,410.2515344651638
2009-04-01,409.98959217070524
2009-05-01,407.34917017027453
2009-06-01,407.86911073133393
2009-07-01,408.0709189443773
2009-08-01,407.045285997775
2009-09-01,408.23415450042364
2009-10-01,409.8405097068635
2009-11-01,407.62916991031
2009-12-01,406.6850827424607
2010-01-01,405.73136921777973
2010-02-01,404.5215145661164
2010-03-01,405.96572682901405
2010-04-01,405.8749876208548
2010-05-01,405.6782153588889
2010-06-01,402.8724218122788
2010-07-01,404.02554885759264
2010-08-01,402.3666612653124
2010-09-01,402.6565602107119
2010-10-01,403.2726256176492
2010-11-01,405.5136135114072
2010-12-01,403.7503829127285
2011-01-01,399.4211146789973
2011-02-01,399.8968889961278
2011-03-01,402.7976557683941
2011-04-01,404.8560752978033
2011-05-01,405.3705644207152
2011-06-01,404.8331101422671
2011-07-01,406.2437940372231
2011-08-01,404.98347473766637
2011-09-01,405.8980113917007
2011-10-01,406.85621663045066
2011-11-01,408.64653149169897
2011-12-01,412.9860215500656
2012-01-01,413.77464550083374
2012-02-01,413.2112000622725
2012-03-01,413.3728385939845
2012-04-01,410.91922473665085
2012-05-01,410.07715504001726
2012-06-01,409.6632313828476
2012-07-01,409.0770987859457
2012-08-01,409.50563109399627
2012-09-01,408.472001195423
2012-10-01,410.3535471964097
2012-11-01,410.55385779378696
2012-12-01,410.739907312079
2013-01-01,410.44806523730966
2013-02-01,410.8808512630981
2013-03-01,412.3184986600996
2013-04-01,411.2178033365332
2013-05-01,410.43062860292036
2013-06-01,410.17503955975536
2013-07-01,408.35623317454554
2013-08-01,407.3273463849633
2013-09-01,406.8130150746463
2013-10-01,408.32459884571534
2013-11-01,408.91844083921825
2013-12-01,409.40882570626957
2014-01-01,410.8851726495215
2014-02-01,410.87911496692243
2014-03-01,411.66481224181575
2014-04-01,411.709979612417
2014-05-01,412.30802313651645
2014-06-01,411.6338851500991
2014-07-01,408.17565941268447
2014-08-01,408.17424066940504
2014-09-01,410.508362873555
2014-10-01,412.0976859769174
2014-11-01,413.74578220380414
2014-12-01,415.79997828651346
2015-01-01,416.1329646729556
2015-02-01,416.628938234064
2015-03-01,415.90246039091244
2015-04-01,415.6283511068719
2015-05-01,416.7520078315286
2015-06-01,418.7578344872818
2015-07-01,418.7486650737603
2015-08-01,418.2733811764832
2015-09-01,418.4741731147681
2015-10-01,419.57598323816177
2015-11-01,417.61020101396144
2015-12-01,414.3659295842556
2016-01-01,413.7401243100182
2016-02-01,412.10905567114696
2016-03-01,411.54684537467597
2016-04-01,411.52517489644976
2016-05-01,411.04530228291526
2016-06-01,413.4240035846214
2016-07-01,414.1141207315249
2016-08-01,414.76483227094116
2016-09-01,415.8981429870063
2016-10-01,414.38989331033514
2016-11-01,416.14856099146556
2016-12-01,416.2349145616624
2017-01-01,417.4406354875242
2017-02-01,416.032849637964
2017-03-01,413.9022114889399
2017-04-01,415.3290459759774
2017-05-01,416.0936602651237
2017-06-01,414.9405829335874
2017-07-01,413.8360883116753
2017-08-01,415.7242404882975
2017-09-01,414.1401226489965
2017-10-01,416.80413207888046
2017-11-01,415.65320097690864
2017-12-01,416.81078886532123
2018-01-01,416.51786115169773
2018-02-01,417.62264229832124
2018-03-01,417.00647129514994
2018-04-01,416.9622819360415
2018-05-01,417.2236606991351
2018-06-01,415.9203795154629
2018-07-01,417.2316160335931
2018-08-01,416.66179568388577
2018-09-01,416.51889581087573
2018-10-01,415.227371748963
2018-11-01,411.58387126077
2018-12-01,411.49732961686976
2019-01-01,415.31625274928916
2019-02-01,416.6931591811362
2019-03-01,416.8642686115346
2019-04-01,416.6699323677222
2019-05-01,416.90363120694025
2019-06-01,417.92430987970306
2019-07-01,416.35309065673977
2019-08-01,418.2245731987431
2019-09-01,419.49764517190494
2019-10-01,420.77492376046683
2019-11-01,421.6326373686814
2019-12-01,421.8620623552224
2020-01-01,423.0713542091726
2020-02-01,424.1590754097847
2020-03-01,423.8280143433732
2020-04-01,423.1676116840278
2020-05-01,423.5203961269208
2020-06-01,426.04392635416355
2020-07-01,424.3852657406827
2020-08-01,422.38397784205404
2020-09-01,422.8311191039088
2020-10-01,423.10745065669283
2020-11-01,423.56746315324847
2020-12-01,424.1333929501112
2021-01-01,423.998589568159
2021-02-01,426.4333847260621
2021-03-01,424.2320287583473
2021-04-01,423.18928322117694
2021-05-01,423.2344010809534
2021-06-01,420.96961786422213
2021-07-01,420.90583625757404
2021-08-01,423.59804150616606
2021-09-01,423.82937123861
2021-10-01,424.37542259718805
2021-11-01,422.68517544942915
2021-12-01,421.9606333373699
2022-01-01,421.597838766884
2022-02-01,421.32126612174966
2022-03-01,423.44373181425533
2022-04-01,424.480268405343
2022-05-01,423.01308146993745
2022-06-01,423.58283863758544
2022-07-01,424.53017126033063
2022-08-01,426.4403948181125
2022-09-01,429.0112058479651
2022-10-01,427.68856456022326
2022-11-01,426.67227829340777
2022-12-01,424.98591150503586
2023-01-01,424.8348817163754
2023-02-01,425.73441927804487
2023-03-01,427.41542105292854
2023-04-01,427.5014945174648
2023-05-01,427.2217232325825
2023-06-01,427.64936022095566
2023-07-01,426.5966458685106
2023-08-01,429.9309539510528
2023-09-01,427.71946241037574
2023-10-01,428.1965732787193
2023-11-01,431.4319826075638
2023-12-01,431.6421823744038
2024-01-01,431.55712382190154
2024-02-01,431.2209556876859
2024-03-01,431.15036816504227
2024-04-01,433.4096408770571
2024-05-01,430.29184801006284
2024-06-01,432.79199856200734
2024-07-01,430.85606283333215
2024-08-01,430.6560843394805
2024-09-01,430.21221770903253
2024-10-01,431.2950476136886
2024-11-01,429.097861085863
2024-12-01,429.9911200849859
2025-01-01,433.22758451991615
2025-02-01,431.38282351302695
2025-03-01,431.86738276444254
2025-04-01,431.07440949774764
2025-05-01,431.9132403070372
2025-06-01,432.14196197316085
2025-07-01,431.3797316095944
2025-08-01,432.311540036901
2025-09-01,435.2180622015811
